INSERT INTO MATEI.DOCUMENTE (ID_DOCUMENT, CNP, TARA, ADRESA, ZI_DE_NASTERE, SEX, AN_VALIDARE, AN_EXPIRARE) VALUES (1, 8294323551, 'SUA', '123 Main St', DATE '1990-01-01', 'F', DATE '2023-01-01', DATE '2028-01-01');
INSERT INTO MATEI.DOCUMENTE (ID_DOCUMENT, CNP, TARA, ADRESA, ZI_DE_NASTERE, SEX, AN_VALIDARE, AN_EXPIRARE) VALUES (2, 5089187606, 'Canada', 'Davenport Lawn Street', DATE '1995-07-24', 'M', DATE '2000-02-18', DATE '2018-08-07');
INSERT INTO MATEI.DOCUMENTE (ID_DOCUMENT, CNP, TARA, ADRESA, ZI_DE_NASTERE, SEX, AN_VALIDARE, AN_EXPIRARE) VALUES (3, 7663446208, 'Romania', 'Str. Popesti', DATE '2002-09-25', 'M', DATE '2020-03-10', DATE '2028-01-01');
INSERT INTO MATEI.DOCUMENTE (ID_DOCUMENT, CNP, TARA, ADRESA, ZI_DE_NASTERE, SEX, AN_VALIDARE, AN_EXPIRARE) VALUES (4, 3779108966, 'Franta', 'Pierre-Henri Charpentier', DATE '1988-06-12', 'M', DATE '2013-08-20', DATE '2024-12-17');
INSERT INTO MATEI.DOCUMENTE (ID_DOCUMENT, CNP, TARA, ADRESA, ZI_DE_NASTERE, SEX, AN_VALIDARE, AN_EXPIRARE) VALUES (5, 521447380, 'Germania', 'Dietrich Fiedler', DATE '1981-05-10', 'F', DATE '2019-10-29', DATE '2029-10-26');
INSERT INTO MATEI.DOCUMENTE (ID_DOCUMENT, CNP, TARA, ADRESA, ZI_DE_NASTERE, SEX, AN_VALIDARE, AN_EXPIRARE) VALUES (6, 8800381346, 'Indonezia', 'Amalia Puji Yolanda M.TI.', DATE '2001-01-30', 'F', DATE '2017-02-22', DATE '2029-11-19');
INSERT INTO MATEI.DOCUMENTE (ID_DOCUMENT, CNP, TARA, ADRESA, ZI_DE_NASTERE, SEX, AN_VALIDARE, AN_EXPIRARE) VALUES (7, 6380149937, 'Croatia', 'Mara Župan', DATE '1995-01-19', 'F', DATE '2013-12-12', DATE '2022-02-05');
INSERT INTO MATEI.DOCUMENTE (ID_DOCUMENT, CNP, TARA, ADRESA, ZI_DE_NASTERE, SEX, AN_VALIDARE, AN_EXPIRARE) VALUES (8, 3251684054, 'Peru', 'Mara Isabel Valery Hidalgo Perea', DATE '1999-10-19', 'F', DATE '2023-01-12', DATE '2031-07-11');
INSERT INTO MATEI.DOCUMENTE (ID_DOCUMENT, CNP, TARA, ADRESA, ZI_DE_NASTERE, SEX, AN_VALIDARE, AN_EXPIRARE) VALUES (9, 1234567890123, 'Romania', 'Strada Exemplu, Nr. 123', DATE '1990-01-01', 'M', DATE '2022-01-01', DATE '2025-01-01');
INSERT INTO MATEI.DOCUMENTE (ID_DOCUMENT, CNP, TARA, ADRESA, ZI_DE_NASTERE, SEX, AN_VALIDARE, AN_EXPIRARE) VALUES (10, 9876543210987, 'Germania', 'Example Street, No. 456', DATE '1985-11-15', 'F', DATE '2023-01-01', DATE '2028-01-01');
INSERT INTO MATEI.DOCUMENTE (ID_DOCUMENT, CNP, TARA, ADRESA, ZI_DE_NASTERE, SEX, AN_VALIDARE, AN_EXPIRARE) VALUES (11, 3456789012345, 'Franta', 'Rue de l`Exemple, No. 789', DATE '1997-12-31', 'M', DATE '2024-01-01', DATE '2027-01-01');
INSERT INTO MATEI.DOCUMENTE (ID_DOCUMENT, CNP, TARA, ADRESA, ZI_DE_NASTERE, SEX, AN_VALIDARE, AN_EXPIRARE) VALUES (12, 8765432109876, 'Italia', 'Via Esempio, Nr. 1011', DATE '1980-02-28', 'F', DATE '2022-01-01', DATE '2026-01-01');
INSERT INTO MATEI.DOCUMENTE (ID_DOCUMENT, CNP, TARA, ADRESA, ZI_DE_NASTERE, SEX, AN_VALIDARE, AN_EXPIRARE) VALUES (13, 2345678901234, 'Spania', 'Calle Ejemplo, No. 1213', DATE '1995-09-10', 'M', DATE '2023-01-01', DATE '2029-01-01');
INSERT INTO MATEI.DOCUMENTE (ID_DOCUMENT, CNP, TARA, ADRESA, ZI_DE_NASTERE, SEX, AN_VALIDARE, AN_EXPIRARE) VALUES (14, 6543210987654, 'Regatul Unit', 'Example Road, No. 1415', DATE '1988-11-22', 'F', DATE '2024-01-01', DATE '2030-01-01');
INSERT INTO MATEI.DOCUMENTE (ID_DOCUMENT, CNP, TARA, ADRESA, ZI_DE_NASTERE, SEX, AN_VALIDARE, AN_EXPIRARE) VALUES (15, 7890123456789, 'Olanda', 'Voorbeeldstraat, Nr. 1617', DATE '1993-03-03', 'M', DATE '2022-01-01', DATE '2027-01-01');
INSERT INTO MATEI.DOCUMENTE (ID_DOCUMENT, CNP, TARA, ADRESA, ZI_DE_NASTERE, SEX, AN_VALIDARE, AN_EXPIRARE) VALUES (16, 2109876543210, 'Elvetia', 'Beispielstrasse, Nr. 1819', DATE '1987-04-14', 'F', DATE '2023-01-01', DATE '2025-01-01');
INSERT INTO MATEI.DOCUMENTE (ID_DOCUMENT, CNP, TARA, ADRESA, ZI_DE_NASTERE, SEX, AN_VALIDARE, AN_EXPIRARE) VALUES (17, 4321098765432, 'Suedia', 'Exempelgatan, Nr. 2021', DATE '1998-10-20', 'M', DATE '2025-01-01', DATE '2031-01-01');
INSERT INTO MATEI.DOCUMENTE (ID_DOCUMENT, CNP, TARA, ADRESA, ZI_DE_NASTERE, SEX, AN_VALIDARE, AN_EXPIRARE) VALUES (18, 1098765432109, 'Austria', 'Beispielweg, Nr. 2223', DATE '1983-09-05', 'F', DATE '2026-01-01', DATE '2029-01-01');
INSERT INTO MATEI.DOCUMENTE (ID_DOCUMENT, CNP, TARA, ADRESA, ZI_DE_NASTERE, SEX, AN_VALIDARE, AN_EXPIRARE) VALUES (19, 1357924680135, 'Grecia', 'Odós Paradeíso, No. 456', DATE '1994-10-05', 'F', DATE '2023-06-15', DATE '2028-06-15');

INSERT INTO MATEI.PASAGERI (ID_PASAGER, ID_DOCUMENT, NUME, PRENUME, CONTACT, TELEFON) VALUES (1, 1, 'Hudson', 'Maria', 'jaxovox408@pgobo.com', 4102442677);
INSERT INTO MATEI.PASAGERI (ID_PASAGER, ID_DOCUMENT, NUME, PRENUME, CONTACT, TELEFON) VALUES (2, 2, 'Doe', 'John', 'john@gmail.com', 8256538334);
INSERT INTO MATEI.PASAGERI (ID_PASAGER, ID_DOCUMENT, NUME, PRENUME, CONTACT, TELEFON) VALUES (3, 3, 'Manolache', 'Stefan', 'mbev1969@mailant.xyz', 702069125);
INSERT INTO MATEI.PASAGERI (ID_PASAGER, ID_DOCUMENT, NUME, PRENUME, CONTACT, TELEFON) VALUES (4, 4, 'Tobiah', 'Demetrio', 'bubbahotep@confirmed.in', null);
INSERT INTO MATEI.PASAGERI (ID_PASAGER, ID_DOCUMENT, NUME, PRENUME, CONTACT, TELEFON) VALUES (5, 5, 'Schenck', 'Fadia', null, 1631790010);
INSERT INTO MATEI.PASAGERI (ID_PASAGER, ID_DOCUMENT, NUME, PRENUME, CONTACT, TELEFON) VALUES (6, 6, 'Socheata', 'Efthalia', null, 15217158983);
INSERT INTO MATEI.PASAGERI (ID_PASAGER, ID_DOCUMENT, NUME, PRENUME, CONTACT, TELEFON) VALUES (7, 7, 'K?íž', 'Bevis', 'cubanhog21@jersto.com', 975779527);
INSERT INTO MATEI.PASAGERI (ID_PASAGER, ID_DOCUMENT, NUME, PRENUME, CONTACT, TELEFON) VALUES (8, 8, 'Arnaq', 'Masson', null, 950628043);
INSERT INTO MATEI.PASAGERI (ID_PASAGER, ID_DOCUMENT, NUME, PRENUME, CONTACT, TELEFON) VALUES (9, 9, 'Ionescu', 'Adrian', 'adrian.ionescu@example.com', 123456789);
INSERT INTO MATEI.PASAGERI (ID_PASAGER, ID_DOCUMENT, NUME, PRENUME, CONTACT, TELEFON) VALUES (10, 10, 'Müller', 'Julia', 'julia.muller@example.com', 987654321);
INSERT INTO MATEI.PASAGERI (ID_PASAGER, ID_DOCUMENT, NUME, PRENUME, CONTACT, TELEFON) VALUES (11, 11, 'Dubois', 'Pierre', 'pierre.dubois@example.com', 345678901);
INSERT INTO MATEI.PASAGERI (ID_PASAGER, ID_DOCUMENT, NUME, PRENUME, CONTACT, TELEFON) VALUES (12, 12, 'Rossi', 'Francesca', 'francesca.rossi@example.com', 876543210);
INSERT INTO MATEI.PASAGERI (ID_PASAGER, ID_DOCUMENT, NUME, PRENUME, CONTACT, TELEFON) VALUES (13, 13, 'González', 'Carlos', 'carlos.gonzalez@example.com', 234567890);
INSERT INTO MATEI.PASAGERI (ID_PASAGER, ID_DOCUMENT, NUME, PRENUME, CONTACT, TELEFON) VALUES (14, 14, 'Smith', 'Emma', 'emma.smith@example.com', 654321098);
INSERT INTO MATEI.PASAGERI (ID_PASAGER, ID_DOCUMENT, NUME, PRENUME, CONTACT, TELEFON) VALUES (15, 15, 'Van der Berg', 'Hugo', 'hugo.vanderberg@example.com', 789012345);
INSERT INTO MATEI.PASAGERI (ID_PASAGER, ID_DOCUMENT, NUME, PRENUME, CONTACT, TELEFON) VALUES (16, 16, 'Müller', 'Sophie', 'sophie.muller@example.com', 210987654);
INSERT INTO MATEI.PASAGERI (ID_PASAGER, ID_DOCUMENT, NUME, PRENUME, CONTACT, TELEFON) VALUES (17, 17, 'Andersson', 'Erik', 'erik.andersson@example.com', 432109876);
INSERT INTO MATEI.PASAGERI (ID_PASAGER, ID_DOCUMENT, NUME, PRENUME, CONTACT, TELEFON) VALUES (18, 18, 'Gruber', 'Eva', 'eva.gruber@example.com', 109876543);
INSERT INTO MATEI.PASAGERI (ID_PASAGER, ID_DOCUMENT, NUME, PRENUME, CONTACT, TELEFON) VALUES (19, 19, 'Papadopoulos', 'Elena', 'elena.papadopoulos@example.com', 987654320);

INSERT INTO MATEI.BAGAJE (ID_BAGAJ, ID_PASAGER, TIP, INALTIME, LUNGIME, GREUTATE) VALUES (1, 1, 'Geanta', 30, 20, 5);
INSERT INTO MATEI.BAGAJE (ID_BAGAJ, ID_PASAGER, TIP, INALTIME, LUNGIME, GREUTATE) VALUES (2, 1, 'Ghiozdan', 60, 40, 15);
INSERT INTO MATEI.BAGAJE (ID_BAGAJ, ID_PASAGER, TIP, INALTIME, LUNGIME, GREUTATE) VALUES (3, 2, 'Troller', 40, 30, 28);
INSERT INTO MATEI.BAGAJE (ID_BAGAJ, ID_PASAGER, TIP, INALTIME, LUNGIME, GREUTATE) VALUES (4, 3, 'Troller', 50, 35, 12);
INSERT INTO MATEI.BAGAJE (ID_BAGAJ, ID_PASAGER, TIP, INALTIME, LUNGIME, GREUTATE) VALUES (5, 4, 'Servieta', 65, 45, 18);
INSERT INTO MATEI.BAGAJE (ID_BAGAJ, ID_PASAGER, TIP, INALTIME, LUNGIME, GREUTATE) VALUES (6, 5, 'Geanta', 25, 15, 3);
INSERT INTO MATEI.BAGAJE (ID_BAGAJ, ID_PASAGER, TIP, INALTIME, LUNGIME, GREUTATE) VALUES (7, 5, 'Troller', 70, 50, 20);
INSERT INTO MATEI.BAGAJE (ID_BAGAJ, ID_PASAGER, TIP, INALTIME, LUNGIME, GREUTATE) VALUES (8, 6, 'Ghiozdan', 35, 25, 6);
INSERT INTO MATEI.BAGAJE (ID_BAGAJ, ID_PASAGER, TIP, INALTIME, LUNGIME, GREUTATE) VALUES (9, 7, 'Servieta', 28, 18, 4);
INSERT INTO MATEI.BAGAJE (ID_BAGAJ, ID_PASAGER, TIP, INALTIME, LUNGIME, GREUTATE) VALUES (10, 8, 'Troller', 40, 30, 20);

INSERT INTO MATEI.AEROPORTURI (ID_AEROPORT, NUME, TARA, REGIUNE, ORAS) VALUES (1000, 'John F. Kennedy International Airport', 'United States', 'New York', 'New York City');
INSERT INTO MATEI.AEROPORTURI (ID_AEROPORT, NUME, TARA, REGIUNE, ORAS) VALUES (1001, 'Heathrow Airport', 'United Kingdom', 'London', 'London');
INSERT INTO MATEI.AEROPORTURI (ID_AEROPORT, NUME, TARA, REGIUNE, ORAS) VALUES (1002, 'Charles de Gaulle Airport', 'France', 'Ile-de-France', 'Paris');
INSERT INTO MATEI.AEROPORTURI (ID_AEROPORT, NUME, TARA, REGIUNE, ORAS) VALUES (1003, 'Beijing Capital International Airport', 'China', 'Beijing', 'Beijing');
INSERT INTO MATEI.AEROPORTURI (ID_AEROPORT, NUME, TARA, REGIUNE, ORAS) VALUES (1004, 'Dubai International Airport', 'United Arab Emirates', 'Dubai', 'Dubai');
INSERT INTO MATEI.AEROPORTURI (ID_AEROPORT, NUME, TARA, REGIUNE, ORAS) VALUES (1005, 'Sydney Airport', 'Australia', 'New South Wales', 'Sydney');
INSERT INTO MATEI.AEROPORTURI (ID_AEROPORT, NUME, TARA, REGIUNE, ORAS) VALUES (1006, 'Haneda Airport', 'Japan', 'Tokyo', 'Tokyo');
INSERT INTO MATEI.AEROPORTURI (ID_AEROPORT, NUME, TARA, REGIUNE, ORAS) VALUES (1007, 'Cancun International Airport', 'Mexico', 'Quintana Roo', 'Cancun');
INSERT INTO MATEI.AEROPORTURI (ID_AEROPORT, NUME, TARA, REGIUNE, ORAS) VALUES (1008, 'Munich Airport', 'Germany', 'Bavaria', 'Munich');
INSERT INTO MATEI.AEROPORTURI (ID_AEROPORT, NUME, TARA, REGIUNE, ORAS) VALUES (1009, 'Incheon International Airport', 'South Korea', 'Incheon', 'Incheon');

INSERT INTO MATEI.COMPANII_AERIENE (ID_COMPANIE, DENUMIRE, TARA, CONTACT) VALUES (5673, 'Airline One', 'United States', 'contact@airlineone.com');
INSERT INTO MATEI.COMPANII_AERIENE (ID_COMPANIE, DENUMIRE, TARA, CONTACT) VALUES (5674, 'Global Airways', 'Canada', 'info@globalairways.com');
INSERT INTO MATEI.COMPANII_AERIENE (ID_COMPANIE, DENUMIRE, TARA, CONTACT) VALUES (5675, 'SkyLink Airlines', 'United Kingdom', 'support@skylinkairlines.co.uk');
INSERT INTO MATEI.COMPANII_AERIENE (ID_COMPANIE, DENUMIRE, TARA, CONTACT) VALUES (5676, 'AirExpress', 'Germany', 'info@airexpress.de');
INSERT INTO MATEI.COMPANII_AERIENE (ID_COMPANIE, DENUMIRE, TARA, CONTACT) VALUES (5677, 'Pacific Wings', 'Australia', 'customerservice@pacificwings.com');
INSERT INTO MATEI.COMPANII_AERIENE (ID_COMPANIE, DENUMIRE, TARA, CONTACT) VALUES (5678, 'AirExpress', 'United States', 'info@airexpress.com');

INSERT INTO MATEI.AVIOANE (ID_AVION, ID_COMPANIE, MODEL, NR_LOCURI, CAP_STOCARE, REZERVOR, MAX_VITEZA) VALUES (1000, 5676, 'Boeing 747', 400, 10000, 10000, 900);
INSERT INTO MATEI.AVIOANE (ID_AVION, ID_COMPANIE, MODEL, NR_LOCURI, CAP_STOCARE, REZERVOR, MAX_VITEZA) VALUES (1001, 5676, 'Airbus A320', 180, 5000, 7000, 850);
INSERT INTO MATEI.AVIOANE (ID_AVION, ID_COMPANIE, MODEL, NR_LOCURI, CAP_STOCARE, REZERVOR, MAX_VITEZA) VALUES (1002, 5675, 'Embraer E195', 120, 3000, 4000, 800);
INSERT INTO MATEI.AVIOANE (ID_AVION, ID_COMPANIE, MODEL, NR_LOCURI, CAP_STOCARE, REZERVOR, MAX_VITEZA) VALUES (1003, 5676, 'Boeing 787', 250, 7000, 8000, 920);
INSERT INTO MATEI.AVIOANE (ID_AVION, ID_COMPANIE, MODEL, NR_LOCURI, CAP_STOCARE, REZERVOR, MAX_VITEZA) VALUES (1004, 5677, 'Airbus A380', 500, 15000, 12000, 950);
INSERT INTO MATEI.AVIOANE (ID_AVION, ID_COMPANIE, MODEL, NR_LOCURI, CAP_STOCARE, REZERVOR, MAX_VITEZA) VALUES (1005, 5674, 'Boeing 737', 160, 4000, 5000, 830);
INSERT INTO MATEI.AVIOANE (ID_AVION, ID_COMPANIE, MODEL, NR_LOCURI, CAP_STOCARE, REZERVOR, MAX_VITEZA) VALUES (1006, 5675, 'Bombardier Q400', 90, 2000, 3000, 750);
INSERT INTO MATEI.AVIOANE (ID_AVION, ID_COMPANIE, MODEL, NR_LOCURI, CAP_STOCARE, REZERVOR, MAX_VITEZA) VALUES (1007, 5676, 'Boeing 747', 400, 1000, 20000, 900);
INSERT INTO MATEI.AVIOANE (ID_AVION, ID_COMPANIE, MODEL, NR_LOCURI, CAP_STOCARE, REZERVOR, MAX_VITEZA) VALUES (1008, 5676, 'Airbus A320', 200, 500, 10000, 800);
INSERT INTO MATEI.AVIOANE (ID_AVION, ID_COMPANIE, MODEL, NR_LOCURI, CAP_STOCARE, REZERVOR, MAX_VITEZA) VALUES (1009, 5675, 'Boeing 787', 300, 800, 15000, 850);
INSERT INTO MATEI.AVIOANE (ID_AVION, ID_COMPANIE, MODEL, NR_LOCURI, CAP_STOCARE, REZERVOR, MAX_VITEZA) VALUES (1010, 5676, 'Embraer E175', 100, 200, 5000, 700);
INSERT INTO MATEI.AVIOANE (ID_AVION, ID_COMPANIE, MODEL, NR_LOCURI, CAP_STOCARE, REZERVOR, MAX_VITEZA) VALUES (1011, 5675, 'Boeing 737', 150, 300, 7000, 750);
INSERT INTO MATEI.AVIOANE (ID_AVION, ID_COMPANIE, MODEL, NR_LOCURI, CAP_STOCARE, REZERVOR, MAX_VITEZA) VALUES (1012, 5678, 'Embraer E195', 120, 3000, 4000, 750);

INSERT INTO MATEI.ANGAJATI (ID_ANGAJAT, ID_COMPANIE, NUME, PRENUME, CONTACT, TELEFON, SALARIU, INCEPERE_CONTRACT, INCHEIERE_CONTRACT) VALUES (1, 5674, 'Princeton', 'Doe', 'princeton.doe@airexpress.com', 5053161660, 5000, DATE '2023-01-01', DATE '2023-12-31');
INSERT INTO MATEI.ANGAJATI (ID_ANGAJAT, ID_COMPANIE, NUME, PRENUME, CONTACT, TELEFON, SALARIU, INCEPERE_CONTRACT, INCHEIERE_CONTRACT) VALUES (2, 5674, 'Wright', 'Christin', 'christian.wright@skylink.com', 376519609, 3000, DATE '2023-02-15', DATE '2024-02-14');
INSERT INTO MATEI.ANGAJATI (ID_ANGAJAT, ID_COMPANIE, NUME, PRENUME, CONTACT, TELEFON, SALARIU, INCEPERE_CONTRACT, INCHEIERE_CONTRACT) VALUES (3, 5675, 'Jawahir', 'Penny', null, 5994168990, 5500, DATE '2011-10-20', DATE '2024-03-09');
INSERT INTO MATEI.ANGAJATI (ID_ANGAJAT, ID_COMPANIE, NUME, PRENUME, CONTACT, TELEFON, SALARIU, INCEPERE_CONTRACT, INCHEIERE_CONTRACT) VALUES (4, 5676, '?erban', 'Aleksandra', 'serban@global.com', 3557695031, 3200, DATE '2023-04-20', DATE '2032-06-16');
INSERT INTO MATEI.ANGAJATI (ID_ANGAJAT, ID_COMPANIE, NUME, PRENUME, CONTACT, TELEFON, SALARIU, INCEPERE_CONTRACT, INCHEIERE_CONTRACT) VALUES (5, 5674, 'Ismaele', 'Chestislav', null, 342650618, 4800, DATE '2013-03-30', DATE '2024-05-04');
INSERT INTO MATEI.ANGAJATI (ID_ANGAJAT, ID_COMPANIE, NUME, PRENUME, CONTACT, TELEFON, SALARIU, INCEPERE_CONTRACT, INCHEIERE_CONTRACT) VALUES (6, 5676, 'Katka', 'Priya', 'katka@global.com', 298585956, 3100, DATE '1988-09-17', DATE '2033-10-20');
INSERT INTO MATEI.ANGAJATI (ID_ANGAJAT, ID_COMPANIE, NUME, PRENUME, CONTACT, TELEFON, SALARIU, INCEPERE_CONTRACT, INCHEIERE_CONTRACT) VALUES (7, 5675, 'Asmau', 'Herbert', 'herbet.asmu@skylink.com', 644672681, 5200, DATE '2023-07-10', DATE '2027-06-09');
INSERT INTO MATEI.ANGAJATI (ID_ANGAJAT, ID_COMPANIE, NUME, PRENUME, CONTACT, TELEFON, SALARIU, INCEPERE_CONTRACT, INCHEIERE_CONTRACT) VALUES (8, 5674, ' Flores', 'Patrik', 'flores.patrick@airexpress.com', 690019321, 3300, DATE '1995-01-22', DATE '2035-03-02');
INSERT INTO MATEI.ANGAJATI (ID_ANGAJAT, ID_COMPANIE, NUME, PRENUME, CONTACT, TELEFON, SALARIU, INCEPERE_CONTRACT, INCHEIERE_CONTRACT) VALUES (9, 5676, 'Alduino', 'Samir', null, 105352258, 5200, DATE '2023-09-01', DATE '2035-08-06');
INSERT INTO MATEI.ANGAJATI (ID_ANGAJAT, ID_COMPANIE, NUME, PRENUME, CONTACT, TELEFON, SALARIU, INCEPERE_CONTRACT, INCHEIERE_CONTRACT) VALUES (10, 5677, 'Darja', 'Muhammed', 'darja.muhammed@airexprees.com', 7001338, 3700, DATE '1992-05-05', DATE '2028-12-18');
INSERT INTO MATEI.ANGAJATI (ID_ANGAJAT, ID_COMPANIE, NUME, PRENUME, CONTACT, TELEFON, SALARIU, INCEPERE_CONTRACT, INCHEIERE_CONTRACT) VALUES (11, 5676, 'John', 'Doe', 'john.doe@global.com', 5053161661, 5500, DATE '2023-02-15', DATE '2023-12-31');

INSERT INTO MATEI.ECHIPAJE (ID_AVION, ID_ANGAJAT, ROL, TIMP_PROGRAM) VALUES (1005, 1, 'Pilot', TIMESTAMP '2023-05-26 16:23:00');
INSERT INTO MATEI.ECHIPAJE (ID_AVION, ID_ANGAJAT, ROL, TIMP_PROGRAM) VALUES (1005, 2, 'Insotitor de zbor', TIMESTAMP '2023-05-26 16:23:00');
INSERT INTO MATEI.ECHIPAJE (ID_AVION, ID_ANGAJAT, ROL, TIMP_PROGRAM) VALUES (1009, 3, 'Pilot', TIMESTAMP '2023-05-26 09:05:00');
INSERT INTO MATEI.ECHIPAJE (ID_AVION, ID_ANGAJAT, ROL, TIMP_PROGRAM) VALUES (1003, 4, 'Insotitor de zbor', TIMESTAMP '2023-05-26 05:45:00');
INSERT INTO MATEI.ECHIPAJE (ID_AVION, ID_ANGAJAT, ROL, TIMP_PROGRAM) VALUES (1005, 5, 'Co-Pilot', TIMESTAMP '2023-05-26 16:23:00');
INSERT INTO MATEI.ECHIPAJE (ID_AVION, ID_ANGAJAT, ROL, TIMP_PROGRAM) VALUES (1007, 6, 'Insotitor de zbor', TIMESTAMP '2023-05-26 11:00:00');
INSERT INTO MATEI.ECHIPAJE (ID_AVION, ID_ANGAJAT, ROL, TIMP_PROGRAM) VALUES (1006, 7, 'Pilot', TIMESTAMP '2023-05-26 14:30:00');
INSERT INTO MATEI.ECHIPAJE (ID_AVION, ID_ANGAJAT, ROL, TIMP_PROGRAM) VALUES (1005, 8, 'Insotitor de zbor', TIMESTAMP '2023-05-26 16:23:00');
INSERT INTO MATEI.ECHIPAJE (ID_AVION, ID_ANGAJAT, ROL, TIMP_PROGRAM) VALUES (1007, 9, 'Pilot', TIMESTAMP '2023-05-26 11:00:00');
INSERT INTO MATEI.ECHIPAJE (ID_AVION, ID_ANGAJAT, ROL, TIMP_PROGRAM) VALUES (1004, 10, 'Insotitor de zbor', TIMESTAMP '2023-05-26 13:05:00');

INSERT INTO MATEI.ZBORURI (ID_ZBOR, ID_PLECARE, ID_SOSIRE, ID_AVION, TIMP_DECOLARE, TIMP_SOSIRE, ID_COMPANIE) VALUES (10, 1005, 1007, 1009, TIMESTAMP '2023-05-26 11:10:00', TIMESTAMP '2023-05-26 13:13:00', 5675);
INSERT INTO MATEI.ZBORURI (ID_ZBOR, ID_PLECARE, ID_SOSIRE, ID_AVION, TIMP_DECOLARE, TIMP_SOSIRE, ID_COMPANIE) VALUES (11, 1007, 1008, 1009, TIMESTAMP '2023-05-26 17:00:00', TIMESTAMP '2023-05-26 22:00:00', 5675);
INSERT INTO MATEI.ZBORURI (ID_ZBOR, ID_PLECARE, ID_SOSIRE, ID_AVION, TIMP_DECOLARE, TIMP_SOSIRE, ID_COMPANIE) VALUES (12, 1006, 1008, 1003, DATE '2023-05-26', TIMESTAMP '2024-01-12 09:48:20', 5676);
INSERT INTO MATEI.ZBORURI (ID_ZBOR, ID_PLECARE, ID_SOSIRE, ID_AVION, TIMP_DECOLARE, TIMP_SOSIRE, ID_COMPANIE) VALUES (13, 1007, 1005, 1010, TIMESTAMP '2023-05-26 05:05:00', TIMESTAMP '2023-05-26 08:00:00', 5676);
INSERT INTO MATEI.ZBORURI (ID_ZBOR, ID_PLECARE, ID_SOSIRE, ID_AVION, TIMP_DECOLARE, TIMP_SOSIRE, ID_COMPANIE) VALUES (14, 1006, 1004, 1006, TIMESTAMP '2023-05-26 15:40:00', TIMESTAMP '2023-05-26 17:05:00', 5675);
INSERT INTO MATEI.ZBORURI (ID_ZBOR, ID_PLECARE, ID_SOSIRE, ID_AVION, TIMP_DECOLARE, TIMP_SOSIRE, ID_COMPANIE) VALUES (15, 1005, 1007, 1004, TIMESTAMP '2023-05-26 14:55:00', TIMESTAMP '2023-05-26 18:15:00', 5677);
INSERT INTO MATEI.ZBORURI (ID_ZBOR, ID_PLECARE, ID_SOSIRE, ID_AVION, TIMP_DECOLARE, TIMP_SOSIRE, ID_COMPANIE) VALUES (16, 1005, 1009, 1010, TIMESTAMP '2023-05-26 14:55:00', TIMESTAMP '2023-05-26 22:50:00', 5676);
INSERT INTO MATEI.ZBORURI (ID_ZBOR, ID_PLECARE, ID_SOSIRE, ID_AVION, TIMP_DECOLARE, TIMP_SOSIRE, ID_COMPANIE) VALUES (17, 1006, 1008, 1007, TIMESTAMP '2023-05-26 01:15:00', TIMESTAMP '2023-05-26 05:45:00', 5676);
INSERT INTO MATEI.ZBORURI (ID_ZBOR, ID_PLECARE, ID_SOSIRE, ID_AVION, TIMP_DECOLARE, TIMP_SOSIRE, ID_COMPANIE) VALUES (18, 1008, 1005, 1007, TIMESTAMP '2023-05-26 14:25:00', TIMESTAMP '2023-05-26 17:40:00', 5676);
INSERT INTO MATEI.ZBORURI (ID_ZBOR, ID_PLECARE, ID_SOSIRE, ID_AVION, TIMP_DECOLARE, TIMP_SOSIRE, ID_COMPANIE) VALUES (19, 1000, 1002, 1008, TIMESTAMP '2023-05-26 05:55:00', TIMESTAMP '2023-05-26 07:45:00', 5676);
INSERT INTO MATEI.ZBORURI (ID_ZBOR, ID_PLECARE, ID_SOSIRE, ID_AVION, TIMP_DECOLARE, TIMP_SOSIRE, ID_COMPANIE) VALUES (20, 1002, 1005, 1003, TIMESTAMP '2023-05-26 06:25:00', TIMESTAMP '2023-05-26 09:45:00', 5676);
INSERT INTO MATEI.ZBORURI (ID_ZBOR, ID_PLECARE, ID_SOSIRE, ID_AVION, TIMP_DECOLARE, TIMP_SOSIRE, ID_COMPANIE) VALUES (21, 1000, 1007, 1004, TIMESTAMP '2023-05-26 22:50:00', TIMESTAMP '2023-05-26 23:45:00', 5677);
INSERT INTO MATEI.ZBORURI (ID_ZBOR, ID_PLECARE, ID_SOSIRE, ID_AVION, TIMP_DECOLARE, TIMP_SOSIRE, ID_COMPANIE) VALUES (22, 1005, 1000, 1012, TIMESTAMP '2023-05-26 12:26:23', TIMESTAMP '2023-05-26 15:18:00', 5678);

INSERT INTO MATEI.CALATORII (ID_PASAGER, ID_ZBOR, NUMAR_LOC, DATA_REZERVARE) VALUES (5, 10, '3A', TIMESTAMP '2023-03-15 14:43:27');
INSERT INTO MATEI.CALATORII (ID_PASAGER, ID_ZBOR, NUMAR_LOC, DATA_REZERVARE) VALUES (2, 20, '8F', TIMESTAMP '2023-05-17 06:07:52');
INSERT INTO MATEI.CALATORII (ID_PASAGER, ID_ZBOR, NUMAR_LOC, DATA_REZERVARE) VALUES (7, 14, '6D', TIMESTAMP '2023-03-31 21:01:16');
INSERT INTO MATEI.CALATORII (ID_PASAGER, ID_ZBOR, NUMAR_LOC, DATA_REZERVARE) VALUES (4, 21, '11A', TIMESTAMP '2023-03-15 12:22:57');
INSERT INTO MATEI.CALATORII (ID_PASAGER, ID_ZBOR, NUMAR_LOC, DATA_REZERVARE) VALUES (8, 11, '13B', TIMESTAMP '2023-03-22 01:20:00');
INSERT INTO MATEI.CALATORII (ID_PASAGER, ID_ZBOR, NUMAR_LOC, DATA_REZERVARE) VALUES (1, 16, '4D', TIMESTAMP '2023-03-27 16:07:34');
INSERT INTO MATEI.CALATORII (ID_PASAGER, ID_ZBOR, NUMAR_LOC, DATA_REZERVARE) VALUES (3, 13, '1C', TIMESTAMP '2023-05-08 15:30:17');
INSERT INTO MATEI.CALATORII (ID_PASAGER, ID_ZBOR, NUMAR_LOC, DATA_REZERVARE) VALUES (6, 15, '9E', TIMESTAMP '2023-04-30 22:00:25');
INSERT INTO MATEI.CALATORII (ID_PASAGER, ID_ZBOR, NUMAR_LOC, DATA_REZERVARE) VALUES (4, 12, '11D', TIMESTAMP '2023-04-11 10:15:24');
INSERT INTO MATEI.CALATORII (ID_PASAGER, ID_ZBOR, NUMAR_LOC, DATA_REZERVARE) VALUES (3, 12, '9A', TIMESTAMP '2023-04-04 09:36:23');
INSERT INTO MATEI.CALATORII (ID_PASAGER, ID_ZBOR, NUMAR_LOC, DATA_REZERVARE) VALUES (9, 12, '2C', TIMESTAMP '2023-03-26 04:59:30');
INSERT INTO MATEI.CALATORII (ID_PASAGER, ID_ZBOR, NUMAR_LOC, DATA_REZERVARE) VALUES (10, 12, '7E', TIMESTAMP '2023-05-15 07:32:19');
INSERT INTO MATEI.CALATORII (ID_PASAGER, ID_ZBOR, NUMAR_LOC, DATA_REZERVARE) VALUES (11, 15, '3F', TIMESTAMP '2023-05-15 19:14:12');
INSERT INTO MATEI.CALATORII (ID_PASAGER, ID_ZBOR, NUMAR_LOC, DATA_REZERVARE) VALUES (12, 15, '5B', TIMESTAMP '2023-04-24 16:06:54');
INSERT INTO MATEI.CALATORII (ID_PASAGER, ID_ZBOR, NUMAR_LOC, DATA_REZERVARE) VALUES (13, 21, '2C', TIMESTAMP '2023-03-14 22:24:17');
INSERT INTO MATEI.CALATORII (ID_PASAGER, ID_ZBOR, NUMAR_LOC, DATA_REZERVARE) VALUES (14, 21, '5E', TIMESTAMP '2023-05-12 21:25:14');
INSERT INTO MATEI.CALATORII (ID_PASAGER, ID_ZBOR, NUMAR_LOC, DATA_REZERVARE) VALUES (15, 12, '7F', TIMESTAMP '2023-05-01 00:29:38');
INSERT INTO MATEI.CALATORII (ID_PASAGER, ID_ZBOR, NUMAR_LOC, DATA_REZERVARE) VALUES (16, 15, '4A', TIMESTAMP '2023-05-10 08:06:19');
INSERT INTO MATEI.CALATORII (ID_PASAGER, ID_ZBOR, NUMAR_LOC, DATA_REZERVARE) VALUES (17, 21, '3F', TIMESTAMP '2023-04-18 10:27:16');
INSERT INTO MATEI.CALATORII (ID_PASAGER, ID_ZBOR, NUMAR_LOC, DATA_REZERVARE) VALUES (18, 12, '4B', TIMESTAMP '2023-04-02 23:58:50');
INSERT INTO MATEI.CALATORII (ID_PASAGER, ID_ZBOR, NUMAR_LOC, DATA_REZERVARE) VALUES (19, 21, '9C', TIMESTAMP '2023-04-04 09:11:22');
INSERT INTO MATEI.CALATORII (ID_PASAGER, ID_ZBOR, NUMAR_LOC, DATA_REZERVARE) VALUES (18, 22, '2A', TIMESTAMP '2023-04-02 23:58:50');